name,uri
information scientists,http://aims.fao.org/aos/agrovoc/c_856556c2
irradiance,http://aims.fao.org/aos/agrovoc/c_7fff0491
nearshore currents,http://aims.fao.org/aos/agrovoc/c_72f45664
iron,http://aims.fao.org/aos/agrovoc/c_3950
indicator animals,http://aims.fao.org/aos/agrovoc/c_24184
information services,http://aims.fao.org/aos/agrovoc/c_3865
international waters,http://aims.fao.org/aos/agrovoc/c_25322
intraspecific relationships,http://aims.fao.org/aos/agrovoc/c_c5810686
digestive absorption,http://aims.fao.org/aos/agrovoc/c_2272
interface phenomena,http://aims.fao.org/aos/agrovoc/c_3913
ice volume,http://aims.fao.org/aos/agrovoc/c_246511f1
pack ice,http://aims.fao.org/aos/agrovoc/c_c4548970
immune response,http://aims.fao.org/aos/agrovoc/c_3799
flooding,http://aims.fao.org/aos/agrovoc/c_2980
inhibition,http://aims.fao.org/aos/agrovoc/c_28427
individual transferable quotas,http://aims.fao.org/aos/agrovoc/c_5d18ca3d
insolation,http://aims.fao.org/aos/agrovoc/c_3892
geographical isolation,http://aims.fao.org/aos/agrovoc/c_5f67afba
subsidies,http://aims.fao.org/aos/agrovoc/c_7484
incubators,http://aims.fao.org/aos/agrovoc/c_25703
intergenic DNA,http://aims.fao.org/aos/agrovoc/c_37478
ice keels,http://aims.fao.org/aos/agrovoc/c_2cb7a9f1
infrared radiation,http://aims.fao.org/aos/agrovoc/c_3867
inorganic acid salts,http://aims.fao.org/aos/agrovoc/c_6764
insect eggs,http://aims.fao.org/aos/agrovoc/c_eddac6ff
acoustic equipment,http://aims.fao.org/aos/agrovoc/c_077ac042
immunological factors,http://aims.fao.org/aos/agrovoc/c_29621
irradiance meters,http://aims.fao.org/aos/agrovoc/c_9b148996
industrial fisheries,http://aims.fao.org/aos/agrovoc/c_2895585c
native organisms,http://aims.fao.org/aos/agrovoc/c_34268
pollution,http://aims.fao.org/aos/agrovoc/c_6077
internodes,http://aims.fao.org/aos/agrovoc/c_3920
multiship expeditions,http://aims.fao.org/aos/agrovoc/c_66580aac
indicator plants,http://aims.fao.org/aos/agrovoc/c_3830
irradiation,http://aims.fao.org/aos/agrovoc/c_3951
Indigenous Peoples' knowledge,http://aims.fao.org/aos/agrovoc/c_35704
lighting,http://aims.fao.org/aos/agrovoc/c_4326
inertia,http://aims.fao.org/aos/agrovoc/c_79634dfa
leads,http://aims.fao.org/aos/agrovoc/c_7e2a6237
iceberg detection,http://aims.fao.org/aos/agrovoc/c_388b24ba
infectious diseases,http://aims.fao.org/aos/agrovoc/c_34024
internet,http://aims.fao.org/aos/agrovoc/c_36661
ice fronts,http://aims.fao.org/aos/agrovoc/c_06588a87
international policies,http://aims.fao.org/aos/agrovoc/c_03b7e519
intertidal sedimentation,http://aims.fao.org/aos/agrovoc/c_a6c720f0
intermittent lakes,http://aims.fao.org/aos/agrovoc/c_1b001e11
ice ages,http://aims.fao.org/aos/agrovoc/c_c160c13d
endoparasites,http://aims.fao.org/aos/agrovoc/c_10603
ice charts,http://aims.fao.org/aos/agrovoc/c_60aaeccc
ice cover,http://aims.fao.org/aos/agrovoc/c_da319c88
international agreements,http://aims.fao.org/aos/agrovoc/c_3915
developed countries,http://aims.fao.org/aos/agrovoc/c_2221
piscicides,http://aims.fao.org/aos/agrovoc/c_05110aa4
slope,http://aims.fao.org/aos/agrovoc/c_fa256eab
inshore stations,http://aims.fao.org/aos/agrovoc/c_a2949789
methyl iodide,http://aims.fao.org/aos/agrovoc/c_de8969af
trace fossils,http://aims.fao.org/aos/agrovoc/c_dd34eea6
Indigenous Peoples' fishing,http://aims.fao.org/aos/agrovoc/c_780a5969
imagery,http://aims.fao.org/aos/agrovoc/c_36760
inertial currents,http://aims.fao.org/aos/agrovoc/c_047725a6
manuals,http://aims.fao.org/aos/agrovoc/c_f376fb22
genetic isolation,http://aims.fao.org/aos/agrovoc/c_acb2cb42
ice islands,http://aims.fao.org/aos/agrovoc/c_8a1efe28
inertial navigation,http://aims.fao.org/aos/agrovoc/c_6d4bb1e5
information processing,http://aims.fao.org/aos/agrovoc/c_3862
international boundaries,http://aims.fao.org/aos/agrovoc/c_241b193a
potential flow,http://aims.fao.org/aos/agrovoc/c_acef37ff
illustrations,http://aims.fao.org/aos/agrovoc/c_56c00cc3
ion accumulation,http://aims.fao.org/aos/agrovoc/c_415a129f
implantation,http://aims.fao.org/aos/agrovoc/c_3811
instability,http://aims.fao.org/aos/agrovoc/c_223a9377
immunological techniques,http://aims.fao.org/aos/agrovoc/c_3807
inorganic acids,http://aims.fao.org/aos/agrovoc/c_3880
wounding gear,http://aims.fao.org/aos/agrovoc/c_9997d1df
isotropy,http://aims.fao.org/aos/agrovoc/c_dd0e4f31
interstitial environment,http://aims.fao.org/aos/agrovoc/c_53cd284a
integument,http://aims.fao.org/aos/agrovoc/c_3904
irregular waves,http://aims.fao.org/aos/agrovoc/c_5617eb5e
ice jams,http://aims.fao.org/aos/agrovoc/c_467029a9
interglacial periods,http://aims.fao.org/aos/agrovoc/c_9141832b
indicator microorganisms,http://aims.fao.org/aos/agrovoc/c_5b2945bb
icebergs,http://aims.fao.org/aos/agrovoc/c_500c2ea6
iodates,http://aims.fao.org/aos/agrovoc/c_f89d1b3d
ice-oil interface,http://aims.fao.org/aos/agrovoc/c_ea66095f
internal tides,http://aims.fao.org/aos/agrovoc/c_69f94cf7
industry,http://aims.fao.org/aos/agrovoc/c_3848
icebreakers,http://aims.fao.org/aos/agrovoc/c_b1f1e31f
invertebrate larvae,http://aims.fao.org/aos/agrovoc/c_9081a121
starvation,http://aims.fao.org/aos/agrovoc/c_7375
inertial guidance,http://aims.fao.org/aos/agrovoc/c_70050239
ice shelves,http://aims.fao.org/aos/agrovoc/c_b0c49f1a
ice fields,http://aims.fao.org/aos/agrovoc/c_ea9e79e5
international law,http://aims.fao.org/aos/agrovoc/c_28704
bycatch,http://aims.fao.org/aos/agrovoc/c_15949
ingestion toxicity,http://aims.fao.org/aos/agrovoc/c_3868
integrated water resources management,http://aims.fao.org/aos/agrovoc/c_7015d905
integumentary system,http://aims.fao.org/aos/agrovoc/c_64834736
tidal flats,http://aims.fao.org/aos/agrovoc/c_4c3faa2b
investment,http://aims.fao.org/aos/agrovoc/c_3930
iron oxides,http://aims.fao.org/aos/agrovoc/c_2f72fa26
ironstone,http://aims.fao.org/aos/agrovoc/c_a69cafdb
indium,http://aims.fao.org/aos/agrovoc/c_32485
islands,http://aims.fao.org/aos/agrovoc/c_3962
immunosuppression,http://aims.fao.org/aos/agrovoc/c_26861
instars,http://aims.fao.org/aos/agrovoc/c_11800
resolution,http://aims.fao.org/aos/agrovoc/c_f37af06c
invasive species,http://aims.fao.org/aos/agrovoc/c_49865
igneous rocks,http://aims.fao.org/aos/agrovoc/c_4264f3ca
information transfer,http://aims.fao.org/aos/agrovoc/c_49825
iron compounds,http://aims.fao.org/aos/agrovoc/c_82528460
inspection,http://aims.fao.org/aos/agrovoc/c_3894
ion channels,http://aims.fao.org/aos/agrovoc/c_e78d17a3
integrated coastal zone management,http://aims.fao.org/aos/agrovoc/c_ded675df
illites,http://aims.fao.org/aos/agrovoc/c_15841
industrial production,http://aims.fao.org/aos/agrovoc/c_44ff9464
international organizations,http://aims.fao.org/aos/agrovoc/c_3918
information technology,http://aims.fao.org/aos/agrovoc/c_36660
indicator organisms,http://aims.fao.org/aos/agrovoc/c_24040
insulin,http://aims.fao.org/aos/agrovoc/c_3901
impingement,http://aims.fao.org/aos/agrovoc/c_6aa8bd01
insect larvae,http://aims.fao.org/aos/agrovoc/c_174dbcf1
insecticides,http://aims.fao.org/aos/agrovoc/c_3887
iodine,http://aims.fao.org/aos/agrovoc/c_3932
iodides,http://aims.fao.org/aos/agrovoc/c_3931
linear waves,http://aims.fao.org/aos/agrovoc/c_bfb863f5
intellectual property rights,http://aims.fao.org/aos/agrovoc/c_37923
immobilization,http://aims.fao.org/aos/agrovoc/c_27550
immunofluorescence,http://aims.fao.org/aos/agrovoc/c_3804
intermittent rivers,http://aims.fao.org/aos/agrovoc/c_fd6baf87
appropriate technology,http://aims.fao.org/aos/agrovoc/c_544
irrigation,http://aims.fao.org/aos/agrovoc/c_3954
icing,http://aims.fao.org/aos/agrovoc/c_9f827227
isostatic sea level,http://aims.fao.org/aos/agrovoc/c_db4cab16
isotopes,http://aims.fao.org/aos/agrovoc/c_11852
immigration,http://aims.fao.org/aos/agrovoc/c_37976
intertidal environment,http://aims.fao.org/aos/agrovoc/c_3923
hermaphroditism,http://aims.fao.org/aos/agrovoc/c_3571
illegal fishing,http://aims.fao.org/aos/agrovoc/c_d5944fea
associated species,http://aims.fao.org/aos/agrovoc/c_5bbae9c4
turbulence,http://aims.fao.org/aos/agrovoc/c_3a6b87a7
indoles,http://aims.fao.org/aos/agrovoc/c_3839
immunostimulants,http://aims.fao.org/aos/agrovoc/c_27557
industrial pollution,http://aims.fao.org/aos/agrovoc/c_0d4170b6
integral equations,http://aims.fao.org/aos/agrovoc/c_31de140c
iron isotopes,http://aims.fao.org/aos/agrovoc/c_a6881c25
innovation,http://aims.fao.org/aos/agrovoc/c_27560
natural immunity,http://aims.fao.org/aos/agrovoc/c_29640
polynyas,http://aims.fao.org/aos/agrovoc/c_86bda733
regional planning,http://aims.fao.org/aos/agrovoc/c_6490
internal waves,http://aims.fao.org/aos/agrovoc/c_d19aab3a
iodophors,http://aims.fao.org/aos/agrovoc/c_28431
iceberg scouring,http://aims.fao.org/aos/agrovoc/c_51a34cfc
insecticide resistance,http://aims.fao.org/aos/agrovoc/c_11794
inorganic compounds,http://aims.fao.org/aos/agrovoc/c_3881
irrigation water,http://aims.fao.org/aos/agrovoc/c_3958
inorganic carbon,http://aims.fao.org/aos/agrovoc/c_49123b50
ice calving,http://aims.fao.org/aos/agrovoc/c_ccd68d3c
intermittent springs,http://aims.fao.org/aos/agrovoc/c_2bde3a83
isothermal processes,http://aims.fao.org/aos/agrovoc/c_226a7324
individual rearing,http://aims.fao.org/aos/agrovoc/c_4dbc0544
insulating materials,http://aims.fao.org/aos/agrovoc/c_34300
slope indicators,http://aims.fao.org/aos/agrovoc/c_30f7539b
immunity,http://aims.fao.org/aos/agrovoc/c_3802
ice-water interface,http://aims.fao.org/aos/agrovoc/c_3783
ichthyologists,http://aims.fao.org/aos/agrovoc/c_11698
immune system,http://aims.fao.org/aos/agrovoc/c_27554
inland capture fisheries,http://aims.fao.org/aos/agrovoc/c_532fb0f3
interspecific relationships,http://aims.fao.org/aos/agrovoc/c_12499276
iodine compounds,http://aims.fao.org/aos/agrovoc/c_935ddc70
ice,http://aims.fao.org/aos/agrovoc/c_3782
inland fisheries,http://aims.fao.org/aos/agrovoc/c_3873
identification,http://aims.fao.org/aos/agrovoc/c_3791
instinct,http://aims.fao.org/aos/agrovoc/c_ad40f9a4
fossilized tracks,http://aims.fao.org/aos/agrovoc/c_a6881706
industrial wastes,http://aims.fao.org/aos/agrovoc/c_11763
institutions,http://aims.fao.org/aos/agrovoc/c_50242
navigation in ice,http://aims.fao.org/aos/agrovoc/c_f70ae54b
isopach maps,http://aims.fao.org/aos/agrovoc/c_10989541
burners,http://aims.fao.org/aos/agrovoc/c_36710
inland water environment,http://aims.fao.org/aos/agrovoc/c_3875
industrial products,http://aims.fao.org/aos/agrovoc/c_06d978c8
ichthyology,http://aims.fao.org/aos/agrovoc/c_3788
inbreeding,http://aims.fao.org/aos/agrovoc/c_3817
introduced species,http://aims.fao.org/aos/agrovoc/c_1333440888271
isomerization,http://aims.fao.org/aos/agrovoc/c_27561
immunization,http://aims.fao.org/aos/agrovoc/c_3803
infrared detectors,http://aims.fao.org/aos/agrovoc/c_ec274eb2
isomerases,http://aims.fao.org/aos/agrovoc/c_3967
ion exchange,http://aims.fao.org/aos/agrovoc/c_3933
surveys,http://aims.fao.org/aos/agrovoc/c_7537
indicators,http://aims.fao.org/aos/agrovoc/c_330058
ice accretion,http://aims.fao.org/aos/agrovoc/c_8929b24a
impedance,http://aims.fao.org/aos/agrovoc/c_3f2b6d3f
iteroparity,http://aims.fao.org/aos/agrovoc/c_6a1c4096
ice canopy,http://aims.fao.org/aos/agrovoc/c_9f4c3f31
ice melting,http://aims.fao.org/aos/agrovoc/c_708e1c5f
noxious animals,http://aims.fao.org/aos/agrovoc/c_5242
interactions,http://aims.fao.org/aos/agrovoc/c_59dfea52
intestines,http://aims.fao.org/aos/agrovoc/c_3924
ice forecasting,http://aims.fao.org/aos/agrovoc/c_bc064ac2
immunology,http://aims.fao.org/aos/agrovoc/c_3808
ionizing radiation,http://aims.fao.org/aos/agrovoc/c_11828
internal wave generation,http://aims.fao.org/aos/agrovoc/c_38b2c0f5
isotope fractionation,http://aims.fao.org/aos/agrovoc/c_37632
carnivorous plants,http://aims.fao.org/aos/agrovoc/c_15613
infection,http://aims.fao.org/aos/agrovoc/c_3852
purines,http://aims.fao.org/aos/agrovoc/c_6379
industrialization,http://aims.fao.org/aos/agrovoc/c_3847
inertial waves,http://aims.fao.org/aos/agrovoc/c_ef624d23
information storage,http://aims.fao.org/aos/agrovoc/c_3866
information,http://aims.fao.org/aos/agrovoc/c_330966
invertebrate zoology,http://aims.fao.org/aos/agrovoc/c_11072b37
information retrieval,http://aims.fao.org/aos/agrovoc/c_3863
iodinated hydrocarbons,http://aims.fao.org/aos/agrovoc/c_a1f32bf0
ploughmarks,http://aims.fao.org/aos/agrovoc/c_932f24b1
equipment,http://aims.fao.org/aos/agrovoc/c_2631
impact assessment,http://aims.fao.org/aos/agrovoc/c_37938
air-ice interface,http://aims.fao.org/aos/agrovoc/c_35cab1e5
inland waters,http://aims.fao.org/aos/agrovoc/c_3876
isotope labelling,http://aims.fao.org/aos/agrovoc/c_3971
isoenzymes,http://aims.fao.org/aos/agrovoc/c_15987
iodine isotopes,http://aims.fao.org/aos/agrovoc/c_7f5e9496
inflatable craft,http://aims.fao.org/aos/agrovoc/c_f659152a
ice thickness,http://aims.fao.org/aos/agrovoc/c_03e47d4d
infrared imagery,http://aims.fao.org/aos/agrovoc/c_78c16563
ice barriers,http://aims.fao.org/aos/agrovoc/c_94511649
ice fishing,http://aims.fao.org/aos/agrovoc/c_c77ca621
ichthyoplankton surveys,http://aims.fao.org/aos/agrovoc/c_9c035c9d
ice rafting,http://aims.fao.org/aos/agrovoc/c_1735e7f9
incubation period,http://aims.fao.org/aos/agrovoc/c_0bce4472
infestation,http://aims.fao.org/aos/agrovoc/c_3855
information management,http://aims.fao.org/aos/agrovoc/c_49838
information systems,http://aims.fao.org/aos/agrovoc/c_11769
intake temperature,http://aims.fao.org/aos/agrovoc/c_06e80ac9
freshwater aquaculture,http://aims.fao.org/aos/agrovoc/c_8bab9dcf
inorganic fertilizers,http://aims.fao.org/aos/agrovoc/c_27870
toxic substances,http://aims.fao.org/aos/agrovoc/c_7825
instrument depth measurement,http://aims.fao.org/aos/agrovoc/c_af649ed5
drainage systems,http://aims.fao.org/aos/agrovoc/c_25331
ice sheets,http://aims.fao.org/aos/agrovoc/c_095544cb
ice-free periods,http://aims.fao.org/aos/agrovoc/c_2637b9db
insurance,http://aims.fao.org/aos/agrovoc/c_3902
intermittent water bodies,http://aims.fao.org/aos/agrovoc/c_34d03a80
aquatic invertebrates,http://aims.fao.org/aos/agrovoc/c_49195
ice caps,http://aims.fao.org/aos/agrovoc/c_d4909d00
ions,http://aims.fao.org/aos/agrovoc/c_16162
iridium isotopes,http://aims.fao.org/aos/agrovoc/c_739142d0
rare gases,http://aims.fao.org/aos/agrovoc/c_f96b3cb0
international cooperation,http://aims.fao.org/aos/agrovoc/c_16378
Indigenous Peoples,http://aims.fao.org/aos/agrovoc/c_331524
inland lagoons,http://aims.fao.org/aos/agrovoc/c_3874
isotropic materials,http://aims.fao.org/aos/agrovoc/c_71ff45e0
iridium,http://aims.fao.org/aos/agrovoc/c_c2041bc1
inland fisheries governance,http://aims.fao.org/aos/agrovoc/c_150480be
inland seas,http://aims.fao.org/aos/agrovoc/c_fae6459c
intermediate fishing,http://aims.fao.org/aos/agrovoc/c_d908b249
isolation techniques,http://aims.fao.org/aos/agrovoc/c_3965
incentives,http://aims.fao.org/aos/agrovoc/c_3818
ichthyoplankton,http://aims.fao.org/aos/agrovoc/c_d0813edc
induced ovulation,http://aims.fao.org/aos/agrovoc/c_27934
inorganic matter,http://aims.fao.org/aos/agrovoc/c_120ae912
globalization,http://aims.fao.org/aos/agrovoc/c_37880
island slope,http://aims.fao.org/aos/agrovoc/c_6560b414
identification keys,http://aims.fao.org/aos/agrovoc/c_c4a19486
interocean canals,http://aims.fao.org/aos/agrovoc/c_75415ab4
intensive aquaculture,http://aims.fao.org/aos/agrovoc/c_8164b95b
image processing,http://aims.fao.org/aos/agrovoc/c_37359
